{
  "version": 3,
  "targets": {
    ".NETFramework,Version=v4.6.1": {
      "BitMiracle.Docotic.Pdf/5.10.9957": {
        "type": "package",
        "compile": {
          "lib/net40/_._": {}
        },
        "runtime": {
          "lib/net40/BitMiracle.Docotic.Pdf.dll": {}
        }
      },
      "CsvHelper/2.13.5": {
        "type": "package",
        "compile": {
          "lib/net40-client/_._": {}
        },
        "runtime": {
          "lib/net40-client/CsvHelper.dll": {}
        }
      },
      "Microsoft.AspNet.SignalR.Client/2.4.0": {
        "type": "package",
        "dependencies": {
          "Newtonsoft.Json": "6.0.4"
        },
        "frameworkAssemblies": [
          "System.Net.Http",
          "System.Net.Http.WebRequest"
        ],
        "compile": {
          "lib/net45/_._": {}
        },
        "runtime": {
          "lib/net45/Microsoft.AspNet.SignalR.Client.dll": {}
        }
      },
      "Microsoft.Rest.ClientRuntime/2.3.20": {
        "type": "package",
        "dependencies": {
          "Newtonsoft.Json": "10.0.3"
        },
        "frameworkAssemblies": [
          "System.Net",
          "System.Net.Http",
          "System.Net.Http.WebRequest",
          "System.Runtime",
          "System.Runtime.Serialization"
        ],
        "compile": {
          "lib/net461/_._": {}
        },
        "runtime": {
          "lib/net461/Microsoft.Rest.ClientRuntime.dll": {}
        }
      },
      "Newtonsoft.Json/11.0.2": {
        "type": "package",
        "compile": {
          "lib/net45/_._": {}
        },
        "runtime": {
          "lib/net45/Newtonsoft.Json.dll": {}
        }
      },
      "System.ValueTuple/4.5.0": {
        "type": "package",
        "frameworkAssemblies": [
          "System",
          "mscorlib"
        ],
        "compile": {
          "ref/net461/_._": {}
        },
        "runtime": {
          "lib/net461/System.ValueTuple.dll": {}
        }
      },
      "UiPath.OCR.Contracts/2.6.0": {
        "type": "package",
        "compile": {
          "lib/net461/_._": {}
        },
        "runtime": {
          "lib/net461/UiPath.OCR.Contracts.dll": {}
        }
      },
      "UiPath.PDF.Activities/3.2.2": {
        "type": "package",
        "dependencies": {
          "BitMiracle.Docotic.Pdf": "5.10.9957",
          "System.ValueTuple": "4.5.0",
          "UiPath.OCR.Contracts": "2.6.0"
        },
        "compile": {
          "lib/net461/_._": {}
        },
        "runtime": {
          "lib/net461/UiPath.PDF.Activities.Design.dll": {},
          "lib/net461/UiPath.PDF.Activities.dll": {},
          "lib/net461/UiPath.PDF.dll": {}
        },
        "resource": {
          "lib/net461/de/UiPath.PDF.Activities.Design.resources.dll": {
            "locale": "de"
          },
          "lib/net461/de/UiPath.PDF.Activities.resources.dll": {
            "locale": "de"
          },
          "lib/net461/de/UiPath.PDF.resources.dll": {
            "locale": "de"
          },
          "lib/net461/es-MX/UiPath.PDF.Activities.Design.resources.dll": {
            "locale": "es-MX"
          },
          "lib/net461/es-MX/UiPath.PDF.Activities.resources.dll": {
            "locale": "es-MX"
          },
          "lib/net461/es-MX/UiPath.PDF.resources.dll": {
            "locale": "es-MX"
          },
          "lib/net461/es/UiPath.PDF.Activities.Design.resources.dll": {
            "locale": "es"
          },
          "lib/net461/es/UiPath.PDF.Activities.resources.dll": {
            "locale": "es"
          },
          "lib/net461/es/UiPath.PDF.resources.dll": {
            "locale": "es"
          },
          "lib/net461/fr/UiPath.PDF.Activities.Design.resources.dll": {
            "locale": "fr"
          },
          "lib/net461/fr/UiPath.PDF.Activities.resources.dll": {
            "locale": "fr"
          },
          "lib/net461/fr/UiPath.PDF.resources.dll": {
            "locale": "fr"
          },
          "lib/net461/ja/UiPath.PDF.Activities.Design.resources.dll": {
            "locale": "ja"
          },
          "lib/net461/ja/UiPath.PDF.Activities.resources.dll": {
            "locale": "ja"
          },
          "lib/net461/ja/UiPath.PDF.resources.dll": {
            "locale": "ja"
          },
          "lib/net461/ko/UiPath.PDF.Activities.Design.resources.dll": {
            "locale": "ko"
          },
          "lib/net461/ko/UiPath.PDF.Activities.resources.dll": {
            "locale": "ko"
          },
          "lib/net461/ko/UiPath.PDF.resources.dll": {
            "locale": "ko"
          },
          "lib/net461/pt-BR/UiPath.PDF.Activities.Design.resources.dll": {
            "locale": "pt-BR"
          },
          "lib/net461/pt-BR/UiPath.PDF.Activities.resources.dll": {
            "locale": "pt-BR"
          },
          "lib/net461/pt-BR/UiPath.PDF.resources.dll": {
            "locale": "pt-BR"
          },
          "lib/net461/pt/UiPath.PDF.Activities.Design.resources.dll": {
            "locale": "pt"
          },
          "lib/net461/pt/UiPath.PDF.Activities.resources.dll": {
            "locale": "pt"
          },
          "lib/net461/pt/UiPath.PDF.resources.dll": {
            "locale": "pt"
          },
          "lib/net461/ru/UiPath.PDF.Activities.Design.resources.dll": {
            "locale": "ru"
          },
          "lib/net461/ru/UiPath.PDF.Activities.resources.dll": {
            "locale": "ru"
          },
          "lib/net461/ru/UiPath.PDF.resources.dll": {
            "locale": "ru"
          },
          "lib/net461/tr/UiPath.PDF.Activities.Design.resources.dll": {
            "locale": "tr"
          },
          "lib/net461/tr/UiPath.PDF.Activities.resources.dll": {
            "locale": "tr"
          },
          "lib/net461/tr/UiPath.PDF.resources.dll": {
            "locale": "tr"
          },
          "lib/net461/zh-CN/UiPath.PDF.Activities.Design.resources.dll": {
            "locale": "zh-CN"
          },
          "lib/net461/zh-CN/UiPath.PDF.Activities.resources.dll": {
            "locale": "zh-CN"
          },
          "lib/net461/zh-CN/UiPath.PDF.resources.dll": {
            "locale": "zh-CN"
          }
        }
      },
      "UiPath.System.Activities/20.4.0": {
        "type": "package",
        "dependencies": {
          "CsvHelper": "2.13.5",
          "Microsoft.AspNet.SignalR.Client": "2.4.0",
          "Microsoft.Rest.ClientRuntime": "2.3.20",
          "Newtonsoft.Json": "11.0.2"
        },
        "compile": {
          "lib/net461/_._": {}
        },
        "runtime": {
          "lib/net461/ActiproSoftware.Docking.Wpf.dll": {},
          "lib/net461/ActiproSoftware.Ribbon.Wpf.dll": {},
          "lib/net461/ActiproSoftware.Shared.Wpf.dll": {},
          "lib/net461/ActiproSoftware.SyntaxEditor.Addons.DotNet.Wpf.dll": {},
          "lib/net461/ActiproSoftware.SyntaxEditor.Wpf.dll": {},
          "lib/net461/ActiproSoftware.Text.Addons.DotNet.Wpf.dll": {},
          "lib/net461/ActiproSoftware.Text.LLParser.Wpf.dll": {},
          "lib/net461/ActiproSoftware.Text.Wpf.dll": {},
          "lib/net461/ActiproSoftware.Wizard.Wpf.dll": {},
          "lib/net461/CustomInputForm.exe": {},
          "lib/net461/UiPath.OrchestratorClient.dll": {},
          "lib/net461/UiPath.System.Activities.Design.dll": {},
          "lib/net461/UiPath.System.Activities.dll": {}
        },
        "resource": {
          "lib/net461/de/UiPath.System.Activities.Design.resources.dll": {
            "locale": "de"
          },
          "lib/net461/de/UiPath.System.Activities.resources.dll": {
            "locale": "de"
          },
          "lib/net461/es-MX/UiPath.System.Activities.Design.resources.dll": {
            "locale": "es-MX"
          },
          "lib/net461/es-MX/UiPath.System.Activities.resources.dll": {
            "locale": "es-MX"
          },
          "lib/net461/es/UiPath.System.Activities.Design.resources.dll": {
            "locale": "es"
          },
          "lib/net461/es/UiPath.System.Activities.resources.dll": {
            "locale": "es"
          },
          "lib/net461/fr/UiPath.System.Activities.Design.resources.dll": {
            "locale": "fr"
          },
          "lib/net461/fr/UiPath.System.Activities.resources.dll": {
            "locale": "fr"
          },
          "lib/net461/ja/UiPath.System.Activities.Design.resources.dll": {
            "locale": "ja"
          },
          "lib/net461/ja/UiPath.System.Activities.resources.dll": {
            "locale": "ja"
          },
          "lib/net461/ko/UiPath.System.Activities.Design.resources.dll": {
            "locale": "ko"
          },
          "lib/net461/ko/UiPath.System.Activities.resources.dll": {
            "locale": "ko"
          },
          "lib/net461/pt-BR/UiPath.System.Activities.Design.resources.dll": {
            "locale": "pt-BR"
          },
          "lib/net461/pt-BR/UiPath.System.Activities.resources.dll": {
            "locale": "pt-BR"
          },
          "lib/net461/pt/UiPath.System.Activities.Design.resources.dll": {
            "locale": "pt"
          },
          "lib/net461/pt/UiPath.System.Activities.resources.dll": {
            "locale": "pt"
          },
          "lib/net461/ru/UiPath.System.Activities.Design.resources.dll": {
            "locale": "ru"
          },
          "lib/net461/ru/UiPath.System.Activities.resources.dll": {
            "locale": "ru"
          },
          "lib/net461/tr/UiPath.System.Activities.Design.resources.dll": {
            "locale": "tr"
          },
          "lib/net461/tr/UiPath.System.Activities.resources.dll": {
            "locale": "tr"
          },
          "lib/net461/zh-CN/UiPath.System.Activities.Design.resources.dll": {
            "locale": "zh-CN"
          },
          "lib/net461/zh-CN/UiPath.System.Activities.resources.dll": {
            "locale": "zh-CN"
          }
        }
      }
    }
  },
  "libraries": {
    "BitMiracle.Docotic.Pdf/5.10.9957": {
      "sha512": "Ytz10JYo2XL5dLKEwPq60fvtWvWCiTDC6BGkaW9SN6CZ5ItAHINEWE1bdycYWXHQtka0ZkjkAUWtcNhdXdeFAg==",
      "type": "package",
      "path": "bitmiracle.docotic.pdf/5.10.9957",
      "files": [
        ".nupkg.metadata",
        "bitmiracle.docotic.pdf.5.10.9957.nupkg.sha512",
        "bitmiracle.docotic.pdf.nuspec",
        "lib/net40/BitMiracle.Docotic.Pdf.dll",
        "lib/net40/BitMiracle.Docotic.Pdf.xml",
        "lib/netstandard2.0/BitMiracle.Docotic.Pdf.dll",
        "lib/netstandard2.0/BitMiracle.Docotic.Pdf.xml",
        "license.txt",
        "readme.txt"
      ]
    },
    "CsvHelper/2.13.5": {
      "sha512": "fC8DPi/YTcZ8uXFiAeuT9EpsR2TE5cSJ2jg/4tht/Oen6az/djebpYoCQEtI33RfNrSZ533SedOknlWtUTX3fw==",
      "type": "package",
      "path": "csvhelper/2.13.5",
      "files": [
        ".nupkg.metadata",
        "csvhelper.2.13.5.nupkg.sha512",
        "csvhelper.nuspec",
        "lib/net20/CsvHelper.dll",
        "lib/net20/CsvHelper.pdb",
        "lib/net20/CsvHelper.xml",
        "lib/net35-client/CsvHelper.dll",
        "lib/net35-client/CsvHelper.pdb",
        "lib/net35-client/CsvHelper.xml",
        "lib/net40-client/CsvHelper.dll",
        "lib/net40-client/CsvHelper.pdb",
        "lib/net40-client/CsvHelper.xml",
        "lib/portable-net40+sl5+win8+wpa+wp8/CsvHelper.dll",
        "lib/portable-net40+sl5+win8+wpa+wp8/CsvHelper.pdb",
        "lib/portable-net40+sl5+win8+wpa+wp8/CsvHelper.xml"
      ]
    },
    "Microsoft.AspNet.SignalR.Client/2.4.0": {
      "sha512": "xGoQq9dEsBU49U1Whl0To2JyRQePmo8ayYS8VNruLlQaX+fQBzYyLJeMlW9r7mlt8Vc9JP+083m9pKrfYpdDbg==",
      "type": "package",
      "path": "microsoft.aspnet.signalr.client/2.4.0",
      "files": [
        ".nupkg.metadata",
        ".signature.p7s",
        "lib/net40/Microsoft.AspNet.SignalR.Client.dll",
        "lib/net40/Microsoft.AspNet.SignalR.Client.pdb",
        "lib/net40/Microsoft.AspNet.SignalR.Client.xml",
        "lib/net45/Microsoft.AspNet.SignalR.Client.dll",
        "lib/net45/Microsoft.AspNet.SignalR.Client.pdb",
        "lib/net45/Microsoft.AspNet.SignalR.Client.xml",
        "lib/netstandard1.3/Microsoft.AspNet.SignalR.Client.dll",
        "lib/netstandard1.3/Microsoft.AspNet.SignalR.Client.pdb",
        "lib/netstandard1.3/Microsoft.AspNet.SignalR.Client.xml",
        "lib/netstandard2.0/Microsoft.AspNet.SignalR.Client.dll",
        "lib/netstandard2.0/Microsoft.AspNet.SignalR.Client.pdb",
        "lib/netstandard2.0/Microsoft.AspNet.SignalR.Client.xml",
        "microsoft.aspnet.signalr.client.2.4.0.nupkg.sha512",
        "microsoft.aspnet.signalr.client.nuspec"
      ]
    },
    "Microsoft.Rest.ClientRuntime/2.3.20": {
      "sha512": "bw/H1nO4JdnhTagPHWIFQwtlQ6rb2jqw5RTrqPsPqzrjhJxc7P6MyNGdf4pgHQdzdpBSNOfZTEQifoUkxmzYXQ==",
      "type": "package",
      "path": "microsoft.rest.clientruntime/2.3.20",
      "files": [
        ".nupkg.metadata",
        ".signature.p7s",
        "lib/net452/Microsoft.Rest.ClientRuntime.dll",
        "lib/net452/Microsoft.Rest.ClientRuntime.runtimeconfig.json",
        "lib/net452/Microsoft.Rest.ClientRuntime.xml",
        "lib/net461/Microsoft.Rest.ClientRuntime.dll",
        "lib/net461/Microsoft.Rest.ClientRuntime.runtimeconfig.json",
        "lib/net461/Microsoft.Rest.ClientRuntime.xml",
        "lib/netstandard1.4/Microsoft.Rest.ClientRuntime.dll",
        "lib/netstandard1.4/Microsoft.Rest.ClientRuntime.runtimeconfig.json",
        "lib/netstandard1.4/Microsoft.Rest.ClientRuntime.xml",
        "lib/netstandard2.0/Microsoft.Rest.ClientRuntime.dll",
        "lib/netstandard2.0/Microsoft.Rest.ClientRuntime.runtimeconfig.json",
        "lib/netstandard2.0/Microsoft.Rest.ClientRuntime.xml",
        "microsoft.rest.clientruntime.2.3.20.nupkg.sha512",
        "microsoft.rest.clientruntime.nuspec"
      ]
    },
    "Newtonsoft.Json/11.0.2": {
      "sha512": "IvJe1pj7JHEsP8B8J8DwlMEx8UInrs/x+9oVY+oCD13jpLu4JbJU2WCIsMRn5C4yW9+DgkaO8uiVE5VHKjpmdQ==",
      "type": "package",
      "path": "newtonsoft.json/11.0.2",
      "files": [
        ".nupkg.metadata",
        "LICENSE.md",
        "lib/net20/Newtonsoft.Json.dll",
        "lib/net20/Newtonsoft.Json.xml",
        "lib/net35/Newtonsoft.Json.dll",
        "lib/net35/Newtonsoft.Json.xml",
        "lib/net40/Newtonsoft.Json.dll",
        "lib/net40/Newtonsoft.Json.xml",
        "lib/net45/Newtonsoft.Json.dll",
        "lib/net45/Newtonsoft.Json.xml",
        "lib/netstandard1.0/Newtonsoft.Json.dll",
        "lib/netstandard1.0/Newtonsoft.Json.xml",
        "lib/netstandard1.3/Newtonsoft.Json.dll",
        "lib/netstandard1.3/Newtonsoft.Json.xml",
        "lib/netstandard2.0/Newtonsoft.Json.dll",
        "lib/netstandard2.0/Newtonsoft.Json.xml",
        "lib/portable-net40+sl5+win8+wp8+wpa81/Newtonsoft.Json.dll",
        "lib/portable-net40+sl5+win8+wp8+wpa81/Newtonsoft.Json.xml",
        "lib/portable-net45+win8+wp8+wpa81/Newtonsoft.Json.dll",
        "lib/portable-net45+win8+wp8+wpa81/Newtonsoft.Json.xml",
        "newtonsoft.json.11.0.2.nupkg.sha512",
        "newtonsoft.json.nuspec"
      ]
    },
    "System.ValueTuple/4.5.0": {
      "sha512": "okurQJO6NRE/apDIP23ajJ0hpiNmJ+f0BwOlB/cSqTLQlw5upkf+5+96+iG2Jw40G1fCVCyPz/FhIABUjMR+RQ==",
      "type": "package",
      "path": "system.valuetuple/4.5.0",
      "files": [
        ".nupkg.metadata",
        ".signature.p7s",
        "LICENSE.TXT",
        "THIRD-PARTY-NOTICES.TXT",
        "lib/MonoAndroid10/_._",
        "lib/MonoTouch10/_._",
        "lib/net461/System.ValueTuple.dll",
        "lib/net461/System.ValueTuple.xml",
        "lib/net47/System.ValueTuple.dll",
        "lib/net47/System.ValueTuple.xml",
        "lib/netcoreapp2.0/_._",
        "lib/netstandard1.0/System.ValueTuple.dll",
        "lib/netstandard1.0/System.ValueTuple.xml",
        "lib/netstandard2.0/_._",
        "lib/portable-net40+sl4+win8+wp8/System.ValueTuple.dll",
        "lib/portable-net40+sl4+win8+wp8/System.ValueTuple.xml",
        "lib/uap10.0.16299/_._",
        "lib/xamarinios10/_._",
        "lib/xamarinmac20/_._",
        "lib/xamarintvos10/_._",
        "lib/xamarinwatchos10/_._",
        "ref/MonoAndroid10/_._",
        "ref/MonoTouch10/_._",
        "ref/net461/System.ValueTuple.dll",
        "ref/net47/System.ValueTuple.dll",
        "ref/netcoreapp2.0/_._",
        "ref/netstandard2.0/_._",
        "ref/portable-net40+sl4+win8+wp8/System.ValueTuple.dll",
        "ref/uap10.0.16299/_._",
        "ref/xamarinios10/_._",
        "ref/xamarinmac20/_._",
        "ref/xamarintvos10/_._",
        "ref/xamarinwatchos10/_._",
        "system.valuetuple.4.5.0.nupkg.sha512",
        "system.valuetuple.nuspec",
        "useSharedDesignerContext.txt",
        "version.txt"
      ]
    },
    "UiPath.OCR.Contracts/2.6.0": {
      "sha512": "0Tv26CBTQin1onkfqBH5+U+7ZEzGIakBr58bf3S+wXKbwQidTLEIR/f/jEGd5gxUxMXsq8k8jzJJo0swb0x0MA==",
      "type": "package",
      "path": "uipath.ocr.contracts/2.6.0",
      "files": [
        ".nupkg.metadata",
        ".signature.p7s",
        "lib/net461/UiPath.OCR.Contracts.dll",
        "uipath.ocr.contracts.2.6.0.nupkg.sha512",
        "uipath.ocr.contracts.nuspec"
      ]
    },
    "UiPath.PDF.Activities/3.2.2": {
      "sha512": "AMWl1yfSGrY1B26oG+dk1cy6rzHSy12ZQ6ui4prJZVzGAYpwsMXSypwLvkvgqNbBBz1l7pQyDT5rKvSwRJq2Cw==",
      "type": "package",
      "path": "uipath.pdf.activities/3.2.2",
      "files": [
        ".nupkg.metadata",
        ".signature.p7s",
        "lib/net461/UiPath.PDF.Activities.Design.dll",
        "lib/net461/UiPath.PDF.Activities.dll",
        "lib/net461/UiPath.PDF.dll",
        "lib/net461/de/UiPath.PDF.Activities.Design.resources.dll",
        "lib/net461/de/UiPath.PDF.Activities.resources.dll",
        "lib/net461/de/UiPath.PDF.resources.dll",
        "lib/net461/es-MX/UiPath.PDF.Activities.Design.resources.dll",
        "lib/net461/es-MX/UiPath.PDF.Activities.resources.dll",
        "lib/net461/es-MX/UiPath.PDF.resources.dll",
        "lib/net461/es/UiPath.PDF.Activities.Design.resources.dll",
        "lib/net461/es/UiPath.PDF.Activities.resources.dll",
        "lib/net461/es/UiPath.PDF.resources.dll",
        "lib/net461/fr/UiPath.PDF.Activities.Design.resources.dll",
        "lib/net461/fr/UiPath.PDF.Activities.resources.dll",
        "lib/net461/fr/UiPath.PDF.resources.dll",
        "lib/net461/ja/UiPath.PDF.Activities.Design.resources.dll",
        "lib/net461/ja/UiPath.PDF.Activities.resources.dll",
        "lib/net461/ja/UiPath.PDF.resources.dll",
        "lib/net461/ko/UiPath.PDF.Activities.Design.resources.dll",
        "lib/net461/ko/UiPath.PDF.Activities.resources.dll",
        "lib/net461/ko/UiPath.PDF.resources.dll",
        "lib/net461/pt-BR/UiPath.PDF.Activities.Design.resources.dll",
        "lib/net461/pt-BR/UiPath.PDF.Activities.resources.dll",
        "lib/net461/pt-BR/UiPath.PDF.resources.dll",
        "lib/net461/pt/UiPath.PDF.Activities.Design.resources.dll",
        "lib/net461/pt/UiPath.PDF.Activities.resources.dll",
        "lib/net461/pt/UiPath.PDF.resources.dll",
        "lib/net461/ru/UiPath.PDF.Activities.Design.resources.dll",
        "lib/net461/ru/UiPath.PDF.Activities.resources.dll",
        "lib/net461/ru/UiPath.PDF.resources.dll",
        "lib/net461/tr/UiPath.PDF.Activities.Design.resources.dll",
        "lib/net461/tr/UiPath.PDF.Activities.resources.dll",
        "lib/net461/tr/UiPath.PDF.resources.dll",
        "lib/net461/zh-CN/UiPath.PDF.Activities.Design.resources.dll",
        "lib/net461/zh-CN/UiPath.PDF.Activities.resources.dll",
        "lib/net461/zh-CN/UiPath.PDF.resources.dll",
        "uipath.pdf.activities.3.2.2.nupkg.sha512",
        "uipath.pdf.activities.nuspec"
      ]
    },
    "UiPath.System.Activities/20.4.0": {
      "sha512": "qIQOD9X8kBwsaFspgLaWlywUfuoUXl6+Sbj3h7CZqkGcSJDBP+FkVZyrZR7mzieKLtsE2JFCMoHTmw0+Iz5eHQ==",
      "type": "package",
      "path": "uipath.system.activities/20.4.0",
      "files": [
        ".nupkg.metadata",
        ".signature.p7s",
        "lib/net461/ActiproSoftware.Docking.Wpf.dll",
        "lib/net461/ActiproSoftware.Ribbon.Wpf.dll",
        "lib/net461/ActiproSoftware.Shared.Wpf.dll",
        "lib/net461/ActiproSoftware.SyntaxEditor.Addons.DotNet.Wpf.dll",
        "lib/net461/ActiproSoftware.SyntaxEditor.Wpf.dll",
        "lib/net461/ActiproSoftware.Text.Addons.DotNet.Wpf.dll",
        "lib/net461/ActiproSoftware.Text.LLParser.Wpf.dll",
        "lib/net461/ActiproSoftware.Text.Wpf.dll",
        "lib/net461/ActiproSoftware.Wizard.Wpf.dll",
        "lib/net461/CustomInputForm.exe",
        "lib/net461/UiPath.OrchestratorClient.dll",
        "lib/net461/UiPath.System.Activities.Design.dll",
        "lib/net461/UiPath.System.Activities.dll",
        "lib/net461/de/UiPath.System.Activities.Design.resources.dll",
        "lib/net461/de/UiPath.System.Activities.resources.dll",
        "lib/net461/es-MX/UiPath.System.Activities.Design.resources.dll",
        "lib/net461/es-MX/UiPath.System.Activities.resources.dll",
        "lib/net461/es/UiPath.System.Activities.Design.resources.dll",
        "lib/net461/es/UiPath.System.Activities.resources.dll",
        "lib/net461/fr/UiPath.System.Activities.Design.resources.dll",
        "lib/net461/fr/UiPath.System.Activities.resources.dll",
        "lib/net461/ja/UiPath.System.Activities.Design.resources.dll",
        "lib/net461/ja/UiPath.System.Activities.resources.dll",
        "lib/net461/ko/UiPath.System.Activities.Design.resources.dll",
        "lib/net461/ko/UiPath.System.Activities.resources.dll",
        "lib/net461/pt-BR/UiPath.System.Activities.Design.resources.dll",
        "lib/net461/pt-BR/UiPath.System.Activities.resources.dll",
        "lib/net461/pt/UiPath.System.Activities.Design.resources.dll",
        "lib/net461/pt/UiPath.System.Activities.resources.dll",
        "lib/net461/ru/UiPath.System.Activities.Design.resources.dll",
        "lib/net461/ru/UiPath.System.Activities.resources.dll",
        "lib/net461/tr/UiPath.System.Activities.Design.resources.dll",
        "lib/net461/tr/UiPath.System.Activities.resources.dll",
        "lib/net461/zh-CN/UiPath.System.Activities.Design.resources.dll",
        "lib/net461/zh-CN/UiPath.System.Activities.resources.dll",
        "uipath.system.activities.20.4.0.nupkg.sha512",
        "uipath.system.activities.nuspec"
      ]
    }
  },
  "projectFileDependencyGroups": {
    "": [],
    ".NETFramework,Version=v4.6.1": [
      "UiPath.PDF.Activities >= 3.2.2 <= 3.2.2",
      "UiPath.System.Activities >= 20.4.0 <= 20.4.0"
    ]
  },
  "packageFolders": {
    "C:\\Users\\Richard Chan\\.nuget\\packages\\": {}
  },
  "project": {
    "restore": {
      "projectUniqueName": "PDFExtract",
      "projectName": "PDFExtract",
      "projectPath": "C:\\Users\\Richard Chan\\Documents\\UiPath\\PDFExtract\\.local",
      "packagesPath": "C:\\Users\\Richard Chan\\.nuget\\packages\\",
      "outputPath": "C:\\Users\\Richard Chan\\Documents\\UiPath\\PDFExtract\\.local"
    },
    "frameworks": {
      "net461": {
        "dependencies": {
          "UiPath.PDF.Activities": {
            "include": "Runtime",
            "target": "Package",
            "version": "[3.2.2, 3.2.2]"
          },
          "UiPath.System.Activities": {
            "include": "Runtime",
            "target": "Package",
            "version": "[20.4.0, 20.4.0]"
          }
        }
      }
    }
  }
}