{
  "Packages": [
    {
      "Package": {
        "Id": "UiPath.PDF.Activities",
        "Version": "3.2.2"
      },
      "Assemblies": [
        "C:\\Users\\Richard Chan\\.nuget\\packages\\bitmiracle.docotic.pdf/5.10.9957\\lib/net40/BitMiracle.Docotic.Pdf.dll",
        "C:\\Users\\Richard Chan\\.nuget\\packages\\system.valuetuple/4.5.0\\lib/net461/System.ValueTuple.dll",
        "C:\\Users\\Richard Chan\\.nuget\\packages\\uipath.ocr.contracts/2.6.0\\lib/net461/UiPath.OCR.Contracts.dll",
        "C:\\Users\\Richard Chan\\.nuget\\packages\\uipath.pdf.activities/3.2.2\\lib/net461/UiPath.PDF.Activities.Design.dll",
        "C:\\Users\\Richard Chan\\.nuget\\packages\\uipath.pdf.activities/3.2.2\\lib/net461/UiPath.PDF.Activities.dll",
        "C:\\Users\\Richard Chan\\.nuget\\packages\\uipath.pdf.activities/3.2.2\\lib/net461/UiPath.PDF.dll"
      ],
      "Path": "C:\\Users\\Richard Chan\\.nuget\\packages\\uipath.pdf.activities\\3.2.2"
    },
    {
      "Package": {
        "Id": "UiPath.System.Activities",
        "Version": "20.4.0"
      },
      "Assemblies": [
        "C:\\Users\\Richard Chan\\.nuget\\packages\\csvhelper/2.13.5\\lib/net40-client/CsvHelper.dll",
        "C:\\Users\\Richard Chan\\.nuget\\packages\\microsoft.aspnet.signalr.client/2.4.0\\lib/net45/Microsoft.AspNet.SignalR.Client.dll",
        "C:\\Users\\Richard Chan\\.nuget\\packages\\microsoft.rest.clientruntime/2.3.20\\lib/net461/Microsoft.Rest.ClientRuntime.dll",
        "C:\\Users\\Richard Chan\\.nuget\\packages\\newtonsoft.json/11.0.2\\lib/net45/Newtonsoft.Json.dll",
        "C:\\Users\\Richard Chan\\.nuget\\packages\\uipath.system.activities/20.4.0\\lib/net461/ActiproSoftware.Docking.Wpf.dll",
        "C:\\Users\\Richard Chan\\.nuget\\packages\\uipath.system.activities/20.4.0\\lib/net461/ActiproSoftware.Ribbon.Wpf.dll",
        "C:\\Users\\Richard Chan\\.nuget\\packages\\uipath.system.activities/20.4.0\\lib/net461/ActiproSoftware.Shared.Wpf.dll",
        "C:\\Users\\Richard Chan\\.nuget\\packages\\uipath.system.activities/20.4.0\\lib/net461/ActiproSoftware.SyntaxEditor.Addons.DotNet.Wpf.dll",
        "C:\\Users\\Richard Chan\\.nuget\\packages\\uipath.system.activities/20.4.0\\lib/net461/ActiproSoftware.SyntaxEditor.Wpf.dll",
        "C:\\Users\\Richard Chan\\.nuget\\packages\\uipath.system.activities/20.4.0\\lib/net461/ActiproSoftware.Text.Addons.DotNet.Wpf.dll",
        "C:\\Users\\Richard Chan\\.nuget\\packages\\uipath.system.activities/20.4.0\\lib/net461/ActiproSoftware.Text.LLParser.Wpf.dll",
        "C:\\Users\\Richard Chan\\.nuget\\packages\\uipath.system.activities/20.4.0\\lib/net461/ActiproSoftware.Text.Wpf.dll",
        "C:\\Users\\Richard Chan\\.nuget\\packages\\uipath.system.activities/20.4.0\\lib/net461/ActiproSoftware.Wizard.Wpf.dll",
        "C:\\Users\\Richard Chan\\.nuget\\packages\\uipath.system.activities/20.4.0\\lib/net461/UiPath.OrchestratorClient.dll",
        "C:\\Users\\Richard Chan\\.nuget\\packages\\uipath.system.activities/20.4.0\\lib/net461/UiPath.System.Activities.Design.dll",
        "C:\\Users\\Richard Chan\\.nuget\\packages\\uipath.system.activities/20.4.0\\lib/net461/UiPath.System.Activities.dll"
      ],
      "Path": "C:\\Users\\Richard Chan\\.nuget\\packages\\uipath.system.activities\\20.4.0"
    }
  ],
  "Conflicts": [],
  "ResolvedDependencies": {
    "BitMiracle.Docotic.Pdf": {
      "Id": "BitMiracle.Docotic.Pdf",
      "Version": "5.10.9957",
      "Dependencies": []
    },
    "CsvHelper": {
      "Id": "CsvHelper",
      "Version": "2.13.5",
      "Dependencies": []
    },
    "Microsoft.AspNet.SignalR.Client": {
      "Id": "Microsoft.AspNet.SignalR.Client",
      "Version": "2.4.0",
      "Dependencies": [
        {
          "Item1": "Newtonsoft.Json",
          "Item2": "[6.0.4, )"
        }
      ]
    },
    "Microsoft.Rest.ClientRuntime": {
      "Id": "Microsoft.Rest.ClientRuntime",
      "Version": "2.3.20",
      "Dependencies": [
        {
          "Item1": "Newtonsoft.Json",
          "Item2": "[10.0.3, )"
        }
      ]
    },
    "Newtonsoft.Json": {
      "Id": "Newtonsoft.Json",
      "Version": "11.0.2",
      "Dependencies": []
    },
    "System.ValueTuple": {
      "Id": "System.ValueTuple",
      "Version": "4.5.0",
      "Dependencies": []
    },
    "UiPath.OCR.Contracts": {
      "Id": "UiPath.OCR.Contracts",
      "Version": "2.6.0",
      "Dependencies": []
    },
    "UiPath.PDF.Activities": {
      "Id": "UiPath.PDF.Activities",
      "Version": "3.2.2",
      "Dependencies": [
        {
          "Item1": "UiPath.OCR.Contracts",
          "Item2": "[2.6.0, )"
        },
        {
          "Item1": "System.ValueTuple",
          "Item2": "[4.5.0, )"
        },
        {
          "Item1": "BitMiracle.Docotic.Pdf",
          "Item2": "[5.10.9957, )"
        }
      ]
    },
    "UiPath.System.Activities": {
      "Id": "UiPath.System.Activities",
      "Version": "20.4.0",
      "Dependencies": [
        {
          "Item1": "CsvHelper",
          "Item2": "[2.13.5, )"
        },
        {
          "Item1": "Microsoft.AspNet.SignalR.Client",
          "Item2": "[2.4.0, )"
        },
        {
          "Item1": "Microsoft.Rest.ClientRuntime",
          "Item2": "[2.3.20, )"
        },
        {
          "Item1": "Newtonsoft.Json",
          "Item2": "[11.0.2, )"
        }
      ]
    }
  },
  "AllPackages": [
    {
      "Package": {
        "Id": "BitMiracle.Docotic.Pdf",
        "Version": "5.10.9957"
      },
      "Assemblies": [
        "C:\\Users\\Richard Chan\\.nuget\\packages\\bitmiracle.docotic.pdf\\5.10.9957\\lib\\net40\\BitMiracle.Docotic.Pdf.dll"
      ],
      "Path": "C:\\Users\\Richard Chan\\.nuget\\packages\\bitmiracle.docotic.pdf\\5.10.9957"
    },
    {
      "Package": {
        "Id": "CsvHelper",
        "Version": "2.13.5"
      },
      "Assemblies": [
        "C:\\Users\\Richard Chan\\.nuget\\packages\\csvhelper\\2.13.5\\lib\\net40-client\\CsvHelper.dll"
      ],
      "Path": "C:\\Users\\Richard Chan\\.nuget\\packages\\csvhelper\\2.13.5"
    },
    {
      "Package": {
        "Id": "Microsoft.AspNet.SignalR.Client",
        "Version": "2.4.0"
      },
      "Assemblies": [
        "C:\\Users\\Richard Chan\\.nuget\\packages\\microsoft.aspnet.signalr.client\\2.4.0\\lib\\net45\\Microsoft.AspNet.SignalR.Client.dll"
      ],
      "Path": "C:\\Users\\Richard Chan\\.nuget\\packages\\microsoft.aspnet.signalr.client\\2.4.0"
    },
    {
      "Package": {
        "Id": "Microsoft.Rest.ClientRuntime",
        "Version": "2.3.20"
      },
      "Assemblies": [
        "C:\\Users\\Richard Chan\\.nuget\\packages\\microsoft.rest.clientruntime\\2.3.20\\lib\\net461\\Microsoft.Rest.ClientRuntime.dll"
      ],
      "Path": "C:\\Users\\Richard Chan\\.nuget\\packages\\microsoft.rest.clientruntime\\2.3.20"
    },
    {
      "Package": {
        "Id": "Newtonsoft.Json",
        "Version": "11.0.2"
      },
      "Assemblies": [
        "C:\\Users\\Richard Chan\\.nuget\\packages\\newtonsoft.json\\11.0.2\\lib\\net45\\Newtonsoft.Json.dll"
      ],
      "Path": "C:\\Users\\Richard Chan\\.nuget\\packages\\newtonsoft.json\\11.0.2"
    },
    {
      "Package": {
        "Id": "System.ValueTuple",
        "Version": "4.5.0"
      },
      "Assemblies": [
        "C:\\Users\\Richard Chan\\.nuget\\packages\\system.valuetuple\\4.5.0\\lib\\net461\\System.ValueTuple.dll"
      ],
      "Path": "C:\\Users\\Richard Chan\\.nuget\\packages\\system.valuetuple\\4.5.0"
    },
    {
      "Package": {
        "Id": "UiPath.OCR.Contracts",
        "Version": "2.6.0"
      },
      "Assemblies": [
        "C:\\Users\\Richard Chan\\.nuget\\packages\\uipath.ocr.contracts\\2.6.0\\lib\\net461\\UiPath.OCR.Contracts.dll"
      ],
      "Path": "C:\\Users\\Richard Chan\\.nuget\\packages\\uipath.ocr.contracts\\2.6.0"
    },
    {
      "Package": {
        "Id": "UiPath.PDF.Activities",
        "Version": "3.2.2"
      },
      "Assemblies": [
        "C:\\Users\\Richard Chan\\.nuget\\packages\\uipath.pdf.activities\\3.2.2\\lib\\net461\\UiPath.PDF.Activities.Design.dll",
        "C:\\Users\\Richard Chan\\.nuget\\packages\\uipath.pdf.activities\\3.2.2\\lib\\net461\\UiPath.PDF.Activities.dll",
        "C:\\Users\\Richard Chan\\.nuget\\packages\\uipath.pdf.activities\\3.2.2\\lib\\net461\\UiPath.PDF.dll"
      ],
      "Path": "C:\\Users\\Richard Chan\\.nuget\\packages\\uipath.pdf.activities\\3.2.2"
    },
    {
      "Package": {
        "Id": "UiPath.System.Activities",
        "Version": "20.4.0"
      },
      "Assemblies": [
        "C:\\Users\\Richard Chan\\.nuget\\packages\\uipath.system.activities\\20.4.0\\lib\\net461\\ActiproSoftware.Docking.Wpf.dll",
        "C:\\Users\\Richard Chan\\.nuget\\packages\\uipath.system.activities\\20.4.0\\lib\\net461\\ActiproSoftware.Ribbon.Wpf.dll",
        "C:\\Users\\Richard Chan\\.nuget\\packages\\uipath.system.activities\\20.4.0\\lib\\net461\\ActiproSoftware.Shared.Wpf.dll",
        "C:\\Users\\Richard Chan\\.nuget\\packages\\uipath.system.activities\\20.4.0\\lib\\net461\\ActiproSoftware.SyntaxEditor.Addons.DotNet.Wpf.dll",
        "C:\\Users\\Richard Chan\\.nuget\\packages\\uipath.system.activities\\20.4.0\\lib\\net461\\ActiproSoftware.SyntaxEditor.Wpf.dll",
        "C:\\Users\\Richard Chan\\.nuget\\packages\\uipath.system.activities\\20.4.0\\lib\\net461\\ActiproSoftware.Text.Addons.DotNet.Wpf.dll",
        "C:\\Users\\Richard Chan\\.nuget\\packages\\uipath.system.activities\\20.4.0\\lib\\net461\\ActiproSoftware.Text.LLParser.Wpf.dll",
        "C:\\Users\\Richard Chan\\.nuget\\packages\\uipath.system.activities\\20.4.0\\lib\\net461\\ActiproSoftware.Text.Wpf.dll",
        "C:\\Users\\Richard Chan\\.nuget\\packages\\uipath.system.activities\\20.4.0\\lib\\net461\\ActiproSoftware.Wizard.Wpf.dll",
        "C:\\Users\\Richard Chan\\.nuget\\packages\\uipath.system.activities\\20.4.0\\lib\\net461\\CustomInputForm.exe",
        "C:\\Users\\Richard Chan\\.nuget\\packages\\uipath.system.activities\\20.4.0\\lib\\net461\\UiPath.OrchestratorClient.dll",
        "C:\\Users\\Richard Chan\\.nuget\\packages\\uipath.system.activities\\20.4.0\\lib\\net461\\UiPath.System.Activities.Design.dll",
        "C:\\Users\\Richard Chan\\.nuget\\packages\\uipath.system.activities\\20.4.0\\lib\\net461\\UiPath.System.Activities.dll"
      ],
      "Path": "C:\\Users\\Richard Chan\\.nuget\\packages\\uipath.system.activities\\20.4.0"
    }
  ]
}